[{
  "model": "sites.site",
  "pk": 1,
  "fields": {
    "domain": "scrits.bazzite.com",
    "name": "Scrits"
  }
}, {
  "model": "hitcount.hitcount",
  "pk": 1,
  "fields": {
    "hits": 2,
    "modified": "2018-03-20T18:46:11.204Z",
    "content_type": 18,
    "object_pk": 1
  }
}, {
  "model": "hitcount.hitcount",
  "pk": 2,
  "fields": {
    "hits": 0,
    "modified": "2018-03-20T17:24:05.519Z",
    "content_type": 18,
    "object_pk": 2
  }
}, {
  "model": "hitcount.hitcount",
  "pk": 3,
  "fields": {
    "hits": 1,
    "modified": "2018-05-30T18:21:11.097Z",
    "content_type": 18,
    "object_pk": 9
  }
}, {
  "model": "hitcount.hitcount",
  "pk": 4,
  "fields": {
    "hits": 1,
    "modified": "2018-05-30T18:21:58.373Z",
    "content_type": 18,
    "object_pk": 8
  }
}, {
  "model": "hitcount.hitcount",
  "pk": 5,
  "fields": {
    "hits": 1,
    "modified": "2018-05-30T18:23:29.544Z",
    "content_type": 18,
    "object_pk": 7
  }
}, {
  "model": "hitcount.hitcount",
  "pk": 6,
  "fields": {
    "hits": 1,
    "modified": "2018-05-30T18:23:54.732Z",
    "content_type": 18,
    "object_pk": 6
  }
}, {
  "model": "hitcount.hitcount",
  "pk": 7,
  "fields": {
    "hits": 1,
    "modified": "2018-05-30T18:24:33.014Z",
    "content_type": 18,
    "object_pk": 5
  }
}, {
  "model": "hitcount.hitcount",
  "pk": 8,
  "fields": {
    "hits": 1,
    "modified": "2018-05-30T18:25:20.531Z",
    "content_type": 18,
    "object_pk": 4
  }
}, {
  "model": "hitcount.hitcount",
  "pk": 9,
  "fields": {
    "hits": 1,
    "modified": "2018-05-30T18:25:32.573Z",
    "content_type": 18,
    "object_pk": 3
  }
}, {
  "model": "taggit.tag",
  "pk": 1,
  "fields": {
    "name": "there",
    "slug": "there"
  }
}, {
  "model": "taggit.tag",
  "pk": 2,
  "fields": {
    "name": "hey",
    "slug": "hey"
  }
}, {
  "model": "taggit.tag",
  "pk": 3,
  "fields": {
    "name": "hola",
    "slug": "hola"
  }
}, {
  "model": "taggit.tag",
  "pk": 4,
  "fields": {
    "name": "avatar",
    "slug": "avatar"
  }
}, {
  "model": "taggit.tag",
  "pk": 5,
  "fields": {
    "name": "account",
    "slug": "account"
  }
}, {
  "model": "taggit.tag",
  "pk": 6,
  "fields": {
    "name": "security",
    "slug": "security"
  }
}, {
  "model": "taggit.tag",
  "pk": 7,
  "fields": {
    "name": "notifications",
    "slug": "notifications"
  }
}, {
  "model": "taggit.tag",
  "pk": 8,
  "fields": {
    "name": "email",
    "slug": "email"
  }
}, {
  "model": "taggit.tag",
  "pk": 9,
  "fields": {
    "name": "settings",
    "slug": "settings"
  }
}, {
  "model": "taggit.tag",
  "pk": 10,
  "fields": {
    "name": "profile",
    "slug": "profile"
  }
}, {
  "model": "taggit.tag",
  "pk": 11,
  "fields": {
    "name": "password",
    "slug": "password"
  }
}, {
  "model": "taggit.tag",
  "pk": 12,
  "fields": {
    "name": "policy",
    "slug": "policy"
  }
}, {
  "model": "taggit.tag",
  "pk": 13,
  "fields": {
    "name": "legal",
    "slug": "legal"
  }
}, {
  "model": "taggit.tag",
  "pk": 14,
  "fields": {
    "name": "copyright",
    "slug": "copyright"
  }
}, {
  "model": "taggit.tag",
  "pk": 15,
  "fields": {
    "name": "license",
    "slug": "license"
  }
}, {
  "model": "taggit.tag",
  "pk": 16,
  "fields": {
    "name": "support",
    "slug": "support"
  }
}, {
  "model": "taggit.tag",
  "pk": 17,
  "fields": {
    "name": "social",
    "slug": "social"
  }
}, {
  "model": "taggit.tag",
  "pk": 18,
  "fields": {
    "name": "integrations",
    "slug": "integrations"
  }
}, {
  "model": "taggit.tag",
  "pk": 19,
  "fields": {
    "name": "api",
    "slug": "api"
  }
}, {
  "model": "taggit.tag",
  "pk": 20,
  "fields": {
    "name": "requirments",
    "slug": "requirments"
  }
}, {
  "model": "taggit.tag",
  "pk": 21,
  "fields": {
    "name": "usage",
    "slug": "usage"
  }
}, {
  "model": "taggit.tag",
  "pk": 22,
  "fields": {
    "name": "payments",
    "slug": "payments"
  }
}, {
  "model": "taggit.tag",
  "pk": 23,
  "fields": {
    "name": "billing",
    "slug": "billing"
  }
}, {
  "model": "taggit.tag",
  "pk": 24,
  "fields": {
    "name": "cards",
    "slug": "cards"
  }
}, {
  "model": "taggit.tag",
  "pk": 25,
  "fields": {
    "name": "issues",
    "slug": "issues"
  }
}, {
  "model": "taggit.tag",
  "pk": 26,
  "fields": {
    "name": "troubleshooting",
    "slug": "troubleshooting"
  }
}, {
  "model": "taggit.tag",
  "pk": 27,
  "fields": {
    "name": "bugs",
    "slug": "bugs"
  }
}, {
  "model": "taggit.taggeditem",
  "pk": 4,
  "fields": {
    "tag": 4,
    "content_type": 18,
    "object_id": 3
  }
}, {
  "model": "taggit.taggeditem",
  "pk": 5,
  "fields": {
    "tag": 5,
    "content_type": 18,
    "object_id": 3
  }
}, {
  "model": "taggit.taggeditem",
  "pk": 6,
  "fields": {
    "tag": 5,
    "content_type": 18,
    "object_id": 4
  }
}, {
  "model": "taggit.taggeditem",
  "pk": 7,
  "fields": {
    "tag": 6,
    "content_type": 18,
    "object_id": 4
  }
}, {
  "model": "taggit.taggeditem",
  "pk": 8,
  "fields": {
    "tag": 8,
    "content_type": 18,
    "object_id": 5
  }
}, {
  "model": "taggit.taggeditem",
  "pk": 9,
  "fields": {
    "tag": 9,
    "content_type": 18,
    "object_id": 5
  }
}, {
  "model": "taggit.taggeditem",
  "pk": 10,
  "fields": {
    "tag": 5,
    "content_type": 18,
    "object_id": 5
  }
}, {
  "model": "taggit.taggeditem",
  "pk": 11,
  "fields": {
    "tag": 7,
    "content_type": 18,
    "object_id": 5
  }
}, {
  "model": "taggit.taggeditem",
  "pk": 12,
  "fields": {
    "tag": 10,
    "content_type": 18,
    "object_id": 6
  }
}, {
  "model": "taggit.taggeditem",
  "pk": 13,
  "fields": {
    "tag": 5,
    "content_type": 18,
    "object_id": 6
  }
}, {
  "model": "taggit.taggeditem",
  "pk": 14,
  "fields": {
    "tag": 11,
    "content_type": 18,
    "object_id": 7
  }
}, {
  "model": "taggit.taggeditem",
  "pk": 15,
  "fields": {
    "tag": 5,
    "content_type": 18,
    "object_id": 7
  }
}, {
  "model": "taggit.taggeditem",
  "pk": 16,
  "fields": {
    "tag": 8,
    "content_type": 18,
    "object_id": 8
  }
}, {
  "model": "taggit.taggeditem",
  "pk": 17,
  "fields": {
    "tag": 5,
    "content_type": 18,
    "object_id": 8
  }
}, {
  "model": "taggit.taggeditem",
  "pk": 18,
  "fields": {
    "tag": 11,
    "content_type": 18,
    "object_id": 9
  }
}, {
  "model": "taggit.taggeditem",
  "pk": 19,
  "fields": {
    "tag": 5,
    "content_type": 18,
    "object_id": 9
  }
}, {
  "model": "taggit.taggeditem",
  "pk": 20,
  "fields": {
    "tag": 12,
    "content_type": 18,
    "object_id": 10
  }
}, {
  "model": "taggit.taggeditem",
  "pk": 21,
  "fields": {
    "tag": 13,
    "content_type": 18,
    "object_id": 10
  }
}, {
  "model": "taggit.taggeditem",
  "pk": 22,
  "fields": {
    "tag": 13,
    "content_type": 18,
    "object_id": 11
  }
}, {
  "model": "taggit.taggeditem",
  "pk": 23,
  "fields": {
    "tag": 14,
    "content_type": 18,
    "object_id": 11
  }
}, {
  "model": "taggit.taggeditem",
  "pk": 24,
  "fields": {
    "tag": 12,
    "content_type": 18,
    "object_id": 12
  }
}, {
  "model": "taggit.taggeditem",
  "pk": 25,
  "fields": {
    "tag": 13,
    "content_type": 18,
    "object_id": 12
  }
}, {
  "model": "taggit.taggeditem",
  "pk": 26,
  "fields": {
    "tag": 13,
    "content_type": 18,
    "object_id": 13
  }
}, {
  "model": "taggit.taggeditem",
  "pk": 27,
  "fields": {
    "tag": 15,
    "content_type": 18,
    "object_id": 13
  }
}, {
  "model": "taggit.taggeditem",
  "pk": 28,
  "fields": {
    "tag": 16,
    "content_type": 18,
    "object_id": 14
  }
}, {
  "model": "taggit.taggeditem",
  "pk": 29,
  "fields": {
    "tag": 5,
    "content_type": 18,
    "object_id": 14
  }
}, {
  "model": "taggit.taggeditem",
  "pk": 30,
  "fields": {
    "tag": 5,
    "content_type": 18,
    "object_id": 15
  }
}, {
  "model": "taggit.taggeditem",
  "pk": 31,
  "fields": {
    "tag": 17,
    "content_type": 18,
    "object_id": 16
  }
}, {
  "model": "taggit.taggeditem",
  "pk": 32,
  "fields": {
    "tag": 5,
    "content_type": 18,
    "object_id": 16
  }
}, {
  "model": "taggit.taggeditem",
  "pk": 33,
  "fields": {
    "tag": 18,
    "content_type": 18,
    "object_id": 17
  }
}, {
  "model": "taggit.taggeditem",
  "pk": 34,
  "fields": {
    "tag": 19,
    "content_type": 18,
    "object_id": 17
  }
}, {
  "model": "taggit.taggeditem",
  "pk": 35,
  "fields": {
    "tag": 20,
    "content_type": 18,
    "object_id": 17
  }
}, {
  "model": "taggit.taggeditem",
  "pk": 36,
  "fields": {
    "tag": 18,
    "content_type": 18,
    "object_id": 18
  }
}, {
  "model": "taggit.taggeditem",
  "pk": 37,
  "fields": {
    "tag": 19,
    "content_type": 18,
    "object_id": 18
  }
}, {
  "model": "taggit.taggeditem",
  "pk": 38,
  "fields": {
    "tag": 21,
    "content_type": 18,
    "object_id": 18
  }
}, {
  "model": "taggit.taggeditem",
  "pk": 39,
  "fields": {
    "tag": 22,
    "content_type": 18,
    "object_id": 19
  }
}, {
  "model": "taggit.taggeditem",
  "pk": 40,
  "fields": {
    "tag": 23,
    "content_type": 18,
    "object_id": 19
  }
}, {
  "model": "taggit.taggeditem",
  "pk": 41,
  "fields": {
    "tag": 24,
    "content_type": 18,
    "object_id": 20
  }
}, {
  "model": "taggit.taggeditem",
  "pk": 42,
  "fields": {
    "tag": 22,
    "content_type": 18,
    "object_id": 20
  }
}, {
  "model": "taggit.taggeditem",
  "pk": 43,
  "fields": {
    "tag": 23,
    "content_type": 18,
    "object_id": 20
  }
}, {
  "model": "taggit.taggeditem",
  "pk": 44,
  "fields": {
    "tag": 25,
    "content_type": 18,
    "object_id": 21
  }
}, {
  "model": "taggit.taggeditem",
  "pk": 45,
  "fields": {
    "tag": 26,
    "content_type": 18,
    "object_id": 21
  }
}, {
  "model": "taggit.taggeditem",
  "pk": 46,
  "fields": {
    "tag": 27,
    "content_type": 18,
    "object_id": 21
  }
}, {
  "model": "taggit.taggeditem",
  "pk": 47,
  "fields": {
    "tag": 16,
    "content_type": 18,
    "object_id": 22
  }
}, {
  "model": "taggit.taggeditem",
  "pk": 48,
  "fields": {
    "tag": 26,
    "content_type": 18,
    "object_id": 22
  }
}, {
  "model": "users.user",
  "pk": 1,
  "fields": {
    "password": "argon2$argon2i$v=19$m=512,t=2,p=2$OUttQmJPa1lmRnk2$L6PLFpvIY80kYb2XReVdAQ",
    "last_login": "2018-05-30T20:33:36.469Z",
    "is_superuser": true,
    "username": "admin",
    "first_name": "Jhon",
    "last_name": "Doe",
    "email": "admin@example.com",
    "is_staff": true,
    "is_active": true,
    "date_joined": "2017-04-16T22:18:37Z",
    "name": "Jhon Doe",
    "groups": [],
    "user_permissions": []
  }
}, {
  "model": "votes.vote",
  "pk": 2,
  "fields": {
    "token": "1",
    "vote": 1,
    "content_type": 18,
    "object_id": 9,
    "created_at": "2018-05-30T18:47:32.085Z",
    "updated_at": "2018-05-30T18:50:31.868Z"
  }
}, {
  "model": "categories.category",
  "pk": 1,
  "fields": {
    "created": "2017-04-16T22:20:51.697Z",
    "modified": "2018-05-30T17:39:33.900Z",
    "title": "Getting Started",
    "slug": "getting-started",
    "author": 1,
    "description": "Lorem ipsum dolor sit amet consectetur adipisicing elit. Perferendis provident quo consectetur optio temporibus? Esse!"
  }
}, {
  "model": "categories.category",
  "pk": 2,
  "fields": {
    "created": "2017-04-17T14:50:28.317Z",
    "modified": "2018-05-30T17:40:26.650Z",
    "title": "Copyright & Legal",
    "slug": "copyright-legal",
    "author": 1,
    "description": "Lorem ipsum dolor sit amet, consectetur adipisicing elit. Pariatur ea sequi omnis quis praesentium ullam ut."
  }
}, {
  "model": "categories.category",
  "pk": 3,
  "fields": {
    "created": "2018-03-20T17:23:40.050Z",
    "modified": "2018-05-30T17:40:50.484Z",
    "title": "Account",
    "slug": "account",
    "author": 1,
    "description": "Lorem ipsum dolor sit, amet consectetur adipisicing elit. Laboriosam omnis ad cum molestiae illo voluptatem officia quod!"
  }
}, {
  "model": "categories.category",
  "pk": 4,
  "fields": {
    "created": "2018-05-30T17:41:26.698Z",
    "modified": "2018-05-30T17:41:26.750Z",
    "title": "Troubleshooting",
    "slug": "troubleshooting",
    "author": 1,
    "description": "Lorem, ipsum dolor sit amet consectetur adipisicing elit. Modi aliquid deleniti iusto numquam labore."
  }
}, {
  "model": "categories.category",
  "pk": 5,
  "fields": {
    "created": "2018-05-30T17:42:02.363Z",
    "modified": "2018-05-30T17:42:02.471Z",
    "title": "Billing & Payments",
    "slug": "billing-payments",
    "author": 1,
    "description": "Lorem ipsum dolor sit amet consectetur adipisicing elit. Aliquam doloremque porro excepturi rerum quis error."
  }
}, {
  "model": "categories.category",
  "pk": 6,
  "fields": {
    "created": "2018-05-30T17:42:35.720Z",
    "modified": "2018-05-30T17:42:35.781Z",
    "title": "Integrations & API",
    "slug": "integrations-api",
    "author": 1,
    "description": "Lorem ipsum, dolor sit amet consectetur adipisicing elit. Dignissimos aut nisi, atque at tenetur reiciendis ad minus molestiae."
  }
}, {
  "model": "articles.article",
  "pk": 3,
  "fields": {
    "created": "2018-05-30T18:16:24.378Z",
    "modified": "2018-05-30T18:16:24.471Z",
    "title": "Where Can I Upload My Avatar?",
    "slug": "where-can-i-upload-my-avatar",
    "content": "## Nam ubi cognataque pennis\r\n\r\nLorem markdownum Iovem pulsumque falsa, aut causa, et quam, sanguis! In iaculo\r\npars locumque nova Mavortius a montibus vidit. Tanta leve memores Troes\r\nmolliaque populisque frena intellecta haec. Religatus *fama trunci ullum*\r\nenodisque extentum festaque erat nescia ultima turbam aquilonibus tum tum;\r\ncausa, Tmolus.\r\n\r\n1. Studeat concubitus tergore\r\n2. Fugisse sororum\r\n3. Tenens est sine virgineus dubitabile\r\n4. Deae fugam quis dedit prima\r\n5. Pars novas bracchia quasi ab aliquid quoque\r\n6. Videt nec gravis esse felix\r\n\r\n## Elateius quo mora ingrati artus consistite dicere\r\n\r\nTamen ita terris terrigenae pastor! Effugimus ruris corripuere Numam se est\r\nquippe post viros Liber.\r\n\r\n## Publica tamen sensit humo\r\n\r\nEuntque et currusque Pandione votisque, qua evehor ense, contendere vultu\r\ndemissaque Aeacidae, et qui? A minimae membris ero, est saltu noverat, adimit?\r\nCrinis fretaque Thybris extimuit speret: comites se simul Cyane etiam, iuvenis\r\nconsortia occidit vestes triumpha modo.\r\n\r\n- Hanc dat oculosque educere cornu temperie\r\n- Praeterea recessu puppes stetit\r\n- Haemonio hirsutaque notis hortaturque tecti do simus\r\n\r\n## Evocet velut lea placido subsunt Dolona linguaque\r\n\r\nCorpore pressaeque regina genetrix: illius, visa **esset** dilapsum pacali\r\nmutata, profanus orsa: nympha et **nec**. Nitidumque graditur illa iugulaberis\r\ncredimus ventus ab quot agmen caput movere utrumque. Tura longoque se nomine\r\nhastae? **Quid de** delatus es montis harenam et nec robore tenebrosa primaque.\r\nExhibuit omnes, avertit fragosis accedere freto, tempusque de matrem Cepheaque\r\n[cupiens](http://gaudereacrisio.net/plenoerat.aspx).\r\n\r\n- Hiberna per maiestas signa\r\n- Et Philemon\r\n- Curvantem Averna\r\n- Diris mille operiri\r\n- Tibi penatis canorum ulta corpus locis innumeras\r\n\r\nProlemque bracchia, iterque *senis hoc advehar* resistere inter causam. Quod\r\naetheris; inpositum cantu sint secundo palla toto tibi volenti fertur est, domo.\r\nGenerosior dixit sed se notata subito ora huius nulla radix. Fera nate auctor\r\nplacidi Ascanii.",
    "description": "Lorem markdownum Iovem pulsumque falsa, aut causa, et quam, sanguis! In iaculo\r\npars locumque nova Mavortius a montibus vidit.",
    "category": 3,
    "author": 1,
    "status": 1
  }
}, {
  "model": "articles.article",
  "pk": 4,
  "fields": {
    "created": "2018-05-30T18:17:22.986Z",
    "modified": "2018-05-30T18:17:23.080Z",
    "title": "Best Practices for Account Security",
    "slug": "best-practices-account-security",
    "content": "Lorem [markdownum](http://quid.io/poenaein.html), eiectat caelicolae nata iam.\r\nConfusa magis; silva Caesareo frater corpora ventisque bellum vulnere summaque\r\nfatebar. Pericula in cum, quod caede lucis Hymettia in mersura adhuc hic mihi\r\niuvenemque. Operum ecce duo pensandum lacrimaeque talis, vita leves, fera domus\r\n**damno sollicitat educat** Orchomenon tecto. Ganymedes surge, sola lecturum\r\ncaerula per nervo: flos territa; mihi illa invenit verbis.\r\n\r\nCane mercurio, dixit [mihi](http://fila.io/): trabeati *nunc manabant telo*\r\ntenet latura. Esses videres metum audet pro sermone recondita fuit. Retinacula\r\nstabunt moriturae.\r\n\r\n## Albis voce nec carinae studii tu horto\r\n\r\nOrtygie ad erit volventia, levis conscendit iuris squalentia ubi, tela\r\ncaelestum, ipsa quam fontes potentes. Uterque tibi quae feliciter murmure.\r\n**In** longa promisistis mitra Crimisenque posse gravidamve si noctis quasi,\r\nluctantia, illi per confessis trahit hic *minimum elusaque*. Retinet quae\r\ncarminibus Tyrio: terrena quae!\r\n\r\n## Scorpius est vitium genitor\r\n\r\nEsse factis indevitato tenebat umero in tuta inponere Iuppiter inmitem eras\r\ndeflentem esse simulacraque simul alteraque atque. Est cornua, possit sinistro,\r\nin non videres eburnea corpora simul supinis, Numam nube, corripiunt. Arsit\r\nlevibus columbae dapes; coit femori cohors geri medeatur pacis delapsus\r\nmorientibus ista tellus?\r\n\r\nEs semper fuit cunctos vineta; signa nihil maior tutus, mansit te quidem\r\nportant, erit. Quoque attonitos convicia sunt, rubescere saepe postquam, est.\r\nIpse [quos metuaris](http://quem.io/videres.aspx) illa niger, levat, et tamen\r\n**est committit** manus partus praeposito! Iulo Caicus erat fretum aquae\r\n**ullis**; a curam scopulum aristis tantum. Referam fluctus tetigere deducunt\r\nquidem limbo modo aspicite, visumque regis.\r\n\r\n## Aliquis et theatro caput arbore\r\n\r\nModo qua igne [fueram](http://pergamaest.net/); tangit me\r\n[ceris](http://annosseges.com/) deceptus sub dicere alti sinu; ira te caligine.\r\nFidem dolor, et experiar, non debebit simul meque haec; sui rogantum umbra\r\nalbet. Est anguis misit alta, est Aurora laborat, quem illo patriae. Parte his\r\nteque patentis memorabile poena referat retinens posse, deposuitque.\r\n\r\nNomen via mactassent **antiquum parentis** sensit fortiter longius parente\r\nsuperata quamvis sudataque sorores primo, longeque trepidante sensim. Arbore\r\nante; de circa nervis remissis castrorum, moveri missa in. Recusat lugebat\r\nadunco dextris nec inque est iniusti quinque corpore Lucifer devexaque. Levant\r\nboum cantu, siccat Pylius cortice venite a inpiger subtemen visibus relictum\r\nnovis, cantat Thyesteis, exibat, poterant. Eumenides graves videri, hae sint\r\nmala solito tigridis carendum tamen in unguibus iuvenalis vincere libasse\r\ntympana se.\r\n\r\nUt erat sidus qui *tene pennis* ima artes sidereum armentaque pars ad conticuit,\r\nqui adiecisse tenebas, suae? Removit torusque agimus inveniunt inania, et urbis\r\nin artis me murum solibus claudere pinus has nomine nec; omnia.",
    "description": "Ganymedes surge, sola lecturum\r\ncaerula per nervo: flos territa; mihi illa invenit verbis.",
    "category": 3,
    "author": 1,
    "status": 1
  }
}, {
  "model": "articles.article",
  "pk": 5,
  "fields": {
    "created": "2018-05-30T18:18:05.524Z",
    "modified": "2018-05-30T18:25:08.677Z",
    "title": "How do I change my Email Notification Settings?",
    "slug": "how-do-i-change-my-email-notification-settings",
    "content": "Lorem markdownum praerupta quondam subvolat senior refundit mensis, positis\r\npennis addiderat peperisse. Et boum cadentum quaerenti biiugum quibus.\r\n\r\n**Sunt** non, aris nondum viros Gorgoneas fortunaque muneris arbore ego atra,\r\nraptamque. Quotiensque Bacchi [operum est quid](http://quoqueolivae.com/)\r\nregalia omnia, **Titanida**, amor nomine Cythereide taedasque fulgentia ac.\r\n*Corporis quod aether* interque cautus. Nuda quo pauper condidit mentita mare\r\nmatri tenuit et coronant celebri. Dolor tabula armentum, nunc dum inportuna\r\npallor sanguine terroris ante, artificem clamoribus letum.\r\n\r\n## Tempestivus famem\r\n\r\nCadit edentem vagantem si *erat saltus* terra uvis precor, communiter virgo.\r\nUsus amorem poenaeque videri soporis, tuo per quae et protinus turis, saltu\r\n**obortas**. Truculenta ignes ferendo quoque. Mortalia inplevit. Nec ignes pyra\r\ndabat [et nymphe Proca](http://et-adspicis.net/eandem.html) hinc non increpat\r\ntenuit forsitan supremum munera latuerunt [et](http://www.ripa-albentibus.net/)\r\nhumum.\r\n\r\nFugio conscia frondesque calet simul placuit etiamnum: fuit iubent, quae et\r\nrogos te Quirino populo *Seriphon nolim* repetit. Saltem potius vivat, ac nocet\r\nplenaque vagantur. Ferire versum *in manus* non ubi lucifer detulit Helicon\r\nanimi.\r\n\r\nHora **quae protinus**, iam est credi *calentibus patet pectore* qui neque\r\nPelasgae comminus dicto. Si suo Anaxaretes viridi confugisse leto praesagia\r\n**respondit letifera** ne saevit? Currum tenebas purasque sparso corpore mersa,\r\ndea horrore en pinum illa stellamque **illuc et**. Quantum tulit litoraque\r\ncolebatur crura centauri civilibus concursibus sumptas curvarent causa, deus,\r\nlecto.",
    "description": "Lorem markdownum praerupta quondam subvolat senior refundit mensis, positis\r\npennis addiderat peperisse.",
    "category": 3,
    "author": 1,
    "status": 1
  }
}, {
  "model": "articles.article",
  "pk": 6,
  "fields": {
    "created": "2018-05-30T18:18:39.386Z",
    "modified": "2018-05-30T18:18:39.477Z",
    "title": "How do I edit my profile?",
    "slug": "how-do-i-edit-my-profile",
    "content": "Lorem markdownum *turbine neget*; consuetas femina manus verba. Carmen redditur\r\nsatis.\r\n\r\nNisi patris latravit facies sonant Aeacideia iacens Quodsi cum innixus ulnis\r\npercussis sacris. Creatis quam. Medea umquam modo **laedam**, venti gente, cum\r\nnil lorisque traicit rursus secreta dixerat omnipotens illae haec. *Et animae*\r\nexsequitur vina carne alto quoque fruges aeternas, silices demptos, telumque.\r\n\r\nFeremur et posset oborto tangere; a petentem velit unius ornate meorum; sim!\r\nPositoque spicis petere serpere quae. Per mearum *imagine* petita. Miseranda\r\ndextra silvasque iaculo, apex dixit laborem si amato Lichan, loca.\r\n\r\n## A illic sevocat celebrant facundia\r\n\r\nTela habet accensae pabula. Agam alta est diu **erat** movimus. Spoliantis canos\r\nAeneaeque sanguine post?\r\n\r\nApta cur propulit artesque Venerisque bucina madefactaque amando et ruit ferunt\r\nproles vivacia. Horridus nota imagine, at addita undas: mei trunco non\r\n**ambitiosus armenti**; in nube me homini. Visura habebat Neptunus excipit; auro\r\ncaesas sollertius *huius aula famulos* tamen.\r\n\r\n1. Suas Phaethon collo saepe mihi effundit\r\n2. Atra habenas litore surrexere obviaque signo hic\r\n3. Qui dominatur\r\n\r\nIn testatus cacumine carpit; Penthea genu tremebunda: pan commisit poena vimine\r\npraemia et pateat! Tinctis subitam succendit **palmas** medioque.",
    "description": "Nisi patris latravit facies sonant Aeacideia iacens Quodsi cum innixus ulnis\r\npercussis sacris.",
    "category": 3,
    "author": 1,
    "status": 1
  }
}, {
  "model": "articles.article",
  "pk": 7,
  "fields": {
    "created": "2018-05-30T18:19:17.976Z",
    "modified": "2018-05-30T18:23:51.498Z",
    "title": "New Password Not Accepted",
    "slug": "new-password-not-accepted",
    "content": "Lorem markdownum ipse o cerva rogati inpulsos ramis ipse, patulo. Hylen mirantur\r\nte tantum furit *imis mater* venerat, alto diroque.\r\n\r\nNec imi rerum locutum, palustris illud: quam hic prece iustissimus Clymeni\r\nauras, coniuge, et. [Mors modo locus](http://www.parva-utque.com/crimine-esse)\r\nterram aras metuam locum et virorum quoque sorores ostendit medios mensas *et*.\r\nAlas Clanis, diu auctor madidos, est inquit cum hic amare et silvas, quam.\r\n\r\n## Ingens silvis\r\n\r\nNam ignarus, Cinyrae ad factum, litore ire praebere [quod\r\nturbatusque](http://iamque.io/iubet) hospes collis Atrides fuit virginitate o\r\nlocorum. Prius credite lucem aeque; aether, sinus omnia figuris.\r\n\r\n1. Spicula lustra occurrunt in ipsis deorum dixit\r\n2. Declivia Numidasque spondere\r\n3. Audacia comminus exercuit et nullus omni si\r\n4. Postquam manus luctata\r\n5. Dum quod volucres iamdudum\r\n6. Pectus ubi monte latos nec condere conveniunt\r\n\r\nVota ad dumque ubi Tereus natamque dolorem exarsit deum celer atrae\r\n[lebetes](http://rex-sua.net/hoc). Ferebat pecoris locus fraternis tremulo\r\niubent intemptata [admonuit](http://semelquorum.org/monedula-hinc.php), bove\r\ncingere hic legit amor.\r\n\r\n1. Dux illis abstraxit se ipse tu novus\r\n2. Cruciatibus ferrum mutare\r\n3. Temeraria undas\r\n\r\nMundi fauni specus frustraque grani. Ista omnis urbemque doleam imitatus mixta,\r\nlatius illic medio? Faciles illa principiis tamen omnes volucres lumen matresque\r\net natam contende maternaque Nilo, desierat gravis quidem. Traxere quoque paulum\r\ndate *esse* dextram fui est torquere vectabantur orant indoctum.",
    "description": "Lorem markdownum ipse o cerva rogati inpulsos ramis ipse, patulo.",
    "category": 3,
    "author": 1,
    "status": 1
  }
}, {
  "model": "articles.article",
  "pk": 8,
  "fields": {
    "created": "2018-05-30T18:19:58.875Z",
    "modified": "2018-05-30T18:23:26.069Z",
    "title": "Change Your Email Address",
    "slug": "change-your-email-address",
    "content": "Lorem markdownum videndi omnis. Iamque corpora annua monte, et donisque poscere\r\nmihi vina cantare infringat **Tiresiae haesisse obliquat** Pandione vivosque.\r\nGratantibus novis cervix iuga deos, serpentis est et falsa altos inpedienda\r\ndant, incurrere! E Oeclides tum propiore, Minervae huius in Hyleusque natura.\r\nAccessus e duorum esse inquit, Dixit, sinuatoque vestros venit deriguere\r\nferendo.\r\n\r\n## Non huic hos\r\n\r\nPondere accipiunt coniugis meo unam sint dulcedine in linguae haererem et matris\r\nrevincta. Lapithae natum Calydonia avidam. Equos ense nec inter facinus,\r\nsignumque ferro, acta votum Romana amomi poposcerit vidit, undis. Non tyranno\r\npater **longum** turbam, clamore medio me nervis: in sua in aprica. Somnum\r\ntorrem *bracchia*.\r\n\r\n## Sulcis vulgat\r\n\r\nSentit tui illa fruge: [amor pars](http://luxit.com/ipsehyadasque) stratum\r\ninstrumenta cretum ab peto recentibus fugiuntque erat iacent tracti sit! Tandem\r\nsunto ora in labore [rostro conspectior](http://unde-gladios.org/illaadde)\r\nmarcentia noctis virtute quid nam nec, sententia! Soror [decentia polumque\r\nfrondes](http://fecundaque.net/) illa agrestem nunc puto auctor inmittam omnes\r\nlacrimasque curam. Servatos fraxinus flammaeque unoque: pavidus et intrata\r\npatris inplevit volucrum velis commentaque ante.\r\n\r\n## Nutat deme\r\n\r\nClauso ab interea [omnia ait et](http://summisc.com/) conspectior inque texta\r\nignes: recurva. De et et [sed](http://www.oscula.org/movi) quae [corpusque\r\nconplexibus timore](http://www.nisimultaque.org/vellent.aspx) ut qui inmensae.\r\n\r\n1. Scelus Cephisos gavisus cernis et opus\r\n2. Vultus saepe qua omnis moriere plenum pax\r\n3. Visa fatemur consedit Arethusa erat adverso fruentur\r\n4. Hoc solum summam sacro pax ab Procne\r\n5. Tenuique abire scopuloque canna ecquem cur\r\n\r\nNec dextra Ixionis. Ambiguus silet Agenorides; ad idem at dumque!",
    "description": "Accessus e duorum esse inquit, Dixit, sinuatoque vestros venit deriguere\r\nferendo.",
    "category": 3,
    "author": 1,
    "status": 1
  }
}, {
  "model": "articles.article",
  "pk": 9,
  "fields": {
    "created": "2018-05-30T18:20:42.463Z",
    "modified": "2018-05-30T18:20:42.567Z",
    "title": "How do I change or update my password?",
    "slug": "how-do-i-change-or-update-my-password",
    "content": "Lorem markdownum Achillea [fugaeque](http://auro.io/) pinguntur Sisyphe umida\r\npietas neque; Phorbas deos pertulerint exsternata\r\n[corpore](http://liquidum.org/) sidereum super. Ille in oves crimina sparsit\r\nsanguis confluat. Generi Andromedan sinistro, non tum dixere stultos!\r\n\r\n1. Est ingrati\r\n2. Excidit locuta est viri\r\n3. Tangamque Areos\r\n4. Ossa hosti illis mitisque insequitur modo faciem\r\n5. Defensae tamen\r\n6. Talia in modo lacusque lucentis monstro discedere\r\n\r\nTempus Sinuessa ignotos condit et *Deiphobum* discumbere ensis. Ense tum, est\r\ninhibere, Dryasque inventus aures iuxta, superi aequore Latinus; adimunt frigus.\r\nAuctor se nitido, fieri **paravi superamur** ab pauper sibi temptat ego dei et.\r\nFremunt fallitur ad amplexus supplice pariter habitabilis? Quoque duxit tibi est\r\nmagnanimus aetate utrumque adamante.\r\n\r\n## Nubes adeat tecta proximus\r\n\r\nVincere meque iam aurum, nec omnem numinis Phrygiis opacae tenvit Telamonius\r\nhumum aut omnia caput, harundine Aeacides iunctum. Quid felix *resilire*! Vidi\r\nnon adspicit Ethemon sua cetera, enim oscula exhortor illis. Eris turis, calido\r\ndraconem vocant **ut** ossibus inferius Telamone armis adpellare, nec nocte\r\nOrtygiam alendum tenebrisque! Tenet seu pennis populus quidem, ipsorum tenus\r\npoterat *est deusque* hamos est neque in ferat Macareida a nymphas.\r\n\r\n1. Plures modo et diversa videri de vellere\r\n2. Sequitur libido ipso\r\n3. Conpagibus ducit postponere fluminibus tinguat cetera\r\n4. Feroxque sum Achivi\r\n5. Geminata explevit concipit mallet\r\n\r\n## Sedula licet\r\n\r\nLitore contactu arces silvaque, mihi, et umentes male silvis quod causas an\r\narbore altis. Cum moverat *agmen vini est* cum. Nec sede, saevitiam femina\r\ninsidias quaeque Aiax, puer pectora et pestis saxis *proles exemploque atque*\r\nfretum neque mihi. Alimentaque mentes. E posses [turba ruris\r\nnata](http://www.illa.com/super-sanguine.html) auctam Baucisque nomine patefecit\r\neris.\r\n\r\n1. Tetigere et modo vix origine licet de\r\n2. Dea quid\r\n3. Post partim Dianae\r\n4. Et clarique qua ille Tyndaris magna\r\n\r\nDisceditis oris; timeto fluidove et Phoebo, Phoebus, infligitque tempora ponit\r\npiasque: equidem paulum. Hoc **manus** munere et concutit eras modo Olympi,\r\npassaque cogor bella.",
    "description": "",
    "category": 3,
    "author": 1,
    "status": 1
  }
}, {
  "model": "articles.article",
  "pk": 10,
  "fields": {
    "created": "2018-05-30T19:34:17.581Z",
    "modified": "2018-05-30T19:34:17.665Z",
    "title": "Our Content Policy",
    "slug": "our-content-policy",
    "content": "*Lorem markdownum* nescio. Venenis parvum vestigia inania feri herba unda lapsas arboribus tulit, et verba, languida! Rotatis et carina vides *gelidis* fraude quisquam orbus Palati, volumine exoratis primus est busto dicenti, collo, hic. Telamon ferit futura novissima, signis in temeraria ubi longis victima: longa\r\ndis dum triones est ferebat maris conpellat?\r\n\r\n> Fundere aris Phaeocomes habentem. Ait ante radicis insanos datis, vitae fuerat\r\n> aesculea lenta. **Efficiens carina**, gaudia proferre orbis tum rex\r\n> emerguntque et epulis.\r\n\r\n## Tela mora Canache diu nigrique Iove\r\n\r\nDiti ignes conferat, fallat flamina Minervae *Persea vota herbas*. *Quoque qui*\r\ntinxi fatorum deus, *fervore* capillis dignas; proles tuaeque ipsum Pulchrior et\r\nergo iaculo annos vates artus.\r\n\r\n> Patres fulvo longaque mons Achille: non hunc pia hominem tauri domus inque?\r\n> Pudor grandior sit posset poenas Sisyphio: rex virgo pro odoribus cum forte\r\n> sed! Contigit et a ratus melior, retexuit ante *cum*, hac in? Cavernas septem,\r\n> ire teque terris ait nunc et prosit pulsat sum inerti, Scyrum ab scire\r\n> Pindusque *adoratis*. Adfectu canistris.\r\n\r\n## Ut nasci iste Phrygios\r\n\r\nTurbine longo: illa agna fatebor receperat somni supplex est erat: ignibus mors\r\nquoque medicina **oculos**: pars! Via Ancaei Nelei, quae nunc est pius tempore,\r\nreverentia incepti atque; nam limina. Motis iam fuerit nebulae volucris. Et\r\ncognita pavetque [labori animos](http://temperat-senior.com/odiumquevenis)\r\ncarinam; ipsa Tyron vos lateant imperat Iphis summam.\r\n\r\nIn geratur unius turbatum: cum Hymettia Verque tellus procul validis Elei\r\nLatona. Desolatas unum rursusque in plura at [munus\r\nde](http://non.io/laborum.html) clamor, volucres rubetis stetit; ita. Supra\r\nnatarum *tua* genus eluserat circumspicit\r\n[passu](http://quo.com/aestu-ergo.aspx): est nec gravem iam tum vero morientes?\r\nFerarum sub quinquennia heros quantusque Haemus, nulli, avus *circum*.\r\n\r\n## Invida est numina equidem raptos\r\n\r\nGuttis exit, diem metas ense gravis perveniunt coniuncti cura **passa misit\r\ntegit** obstem argenteus renuente excedam. Satyrique Haemonia prior, movit!\r\nGenetricis Ampyca, et magnaque urbem modo caedis in vulnus *fulmina*.\r\n\r\nDebebit nato tractu ad parabat mensas, leto non retinet ut regisque. Vestibus\r\nfixa. Esse nati genus tersit mirum faciendus diffugiunt perque: accipe et.\r\nVictore Lucifer plura, Rhamnusidis, probavit partem\r\n[crederet](http://eripere.org/altior.html): sic nec sim probavit a.",
    "description": "Venenis parvum vestigia inania feri herba unda lapsas arboribus tulit, et verba, languida!",
    "category": 2,
    "author": 1,
    "status": 1
  }
}, {
  "model": "articles.article",
  "pk": 11,
  "fields": {
    "created": "2018-05-30T19:35:02.888Z",
    "modified": "2018-05-30T19:35:02.982Z",
    "title": "Who Owns The Copyright On Uploaded Text & Images?",
    "slug": "who-owns-copyright-uploaded-text-images",
    "content": "Lorem markdownum principium semine dies emicat pellis cum vidit flatibus\r\nseductus [non](http://www.ortus.com/artus) umbram, merui. Sagittifera pendens\r\nredit mea opibus iacebitis *felicior raptam* radices haerenti et? Enim Aetna\r\ncarmina partes sub concavat Baucis, Nili miratur fateor propiusque a. Impia\r\ntenebat sortis ultra templum occulte.\r\n\r\n## Si autumnum lapidis lavere teste fortior Canopo\r\n\r\nDiffudit ventis in natae. Est erat iunctis nondum corpore; modo eadem, ruptosque\r\narbore fallitis illuc terra mutabitur, in.\r\n\r\n- Et supplex condidit iunxit concessit tumultus fluit\r\n- Ad effugiam videt caecamque medullis Veneris ne\r\n- Curvavit revelli\r\n- Sed dixit quae quis longum\r\n- Rore tenuere\r\n- Salix mihi adducto figens\r\n\r\n## Solverat bellicus nempe sepulcro\r\n\r\nSuisque Procne: dedisti posse. Per geminos custodia: auctor hinc tetigisse\r\nnullis, qua est trepidaeque solebam undas. Deam omnia idem per illa est simplex\r\nmollis virgo, menses. Procul loquentis lintea praenovimus esse. Mercurio exosus\r\nterque trabs, ausus Liber silices orbe specie dicta sed dedit torvos audieris.\r\n\r\n> Sed dedecus, deducentia in aevi solvit quae laborum amens unum removit\r\n> **consistitque Dictaeo lanigerosque** parens in ima. Nec cur [Venerem simulat\r\n> illum](http://macies-dum.com/vixisti.html) trunco Iapyge solum fugit modo,\r\n> columbas circulus quodam, estis, suo. Tamen concursibus ab his Diomedeos\r\n> absistit; comminus cortice veloxque aera illo. Dente Atrides, in Lichae\r\n> *texique spumis utque* curis in equi sacra, diva tibi. Alvum ait, mea optime\r\n> Talia *iura ceu risit* a fontis indiciique praeceps ille.\r\n\r\n## Sanguine nati silvis\r\n\r\nAries est nec contenta iussit parentem ignibus talia vocis deripit. **Nec\r\npremebat** formae pugnaeque mollito, **hic nec** Erecthida: senemque!\r\n\r\n## Spes ferrumque monimenta arma docta finis vulnusque\r\n\r\nLassus supersunt [portibus procul bellis](http://meussolo.net/c), harundinibus\r\nquoque iacent? Sorbere in, illa nulla: ut vidi, nardi ortu, inpulerat extinctum\r\ntellure avertite ante, iam.\r\n\r\n- Corpore altorum\r\n- Gramine expulsumque foret nequiquam quisquam summae\r\n- Si nocuit corpus sed cum tamen\r\n- Nam non tellus natus nomenque tyrannus\r\n- Pollue bibulaque formaeque annis possim\r\n\r\nSucis summis damnantem obscenae sidereum tempus pantherarum irasci ulciscor\r\nmiseratus imagine puppe virgo, Priamum. Inmodicum a satis commenta, orba dixerat\r\ncoluere novissima supplex voluit ipsa quam iacentem suo effugere? Gravem et\r\nanimam sederat soleat.",
    "description": "Sagittifera pendens redit mea opibus iacebitis *felicior raptam* radices haerenti et?",
    "category": 2,
    "author": 1,
    "status": 1
  }
}, {
  "model": "articles.article",
  "pk": 12,
  "fields": {
    "created": "2018-05-30T19:35:41.822Z",
    "modified": "2018-05-30T19:35:41.912Z",
    "title": "What Is Our Refund Policy?",
    "slug": "what-our-refund-policy",
    "content": "Lorem markdownum cadunt Peleus gestamina [longo Indigetem](http://nuda.org/)\r\nusum altera care Palati ora oculis superat femina. Exitus\r\n[cum](http://dixit-flos.net/) videri mirabatur postera gravi: pedibus quam\r\nliquidis Epaphus ora tenebras etsi? Ulciscere inquit *tu Iove* Arachnes exercet,\r\nmiserabile sit furori. Semper aris scelus septem auctor aquarum fieret **gerens\r\nrostroque posituro** missa solus quoque mutasse, genibus ego.\r\n\r\n> Ergo vel dies ardet dabant Naryciamque poscimus: resolvit navigat, sit. Nunc\r\n> per magnum annosa Eurotan et **vel** folioque loquentis vulnus fugit ingenti\r\n> exclamat media pallida **tantum**, verba nec? Inperfecta haec equidem quam sic\r\n> revocantis aquis quo mille traxit quinos edidit hirsutaque spes! Viri tamen\r\n> valet?\r\n\r\nFerat non caputque, si de sermonibus sequentes qualem supposita figura. Luce\r\nmilite segeti subtraheret erat Tartara [fuitque](http://moverat.net/et.php)\r\ngenitorque eminet claro Ausoniae quaerit. Grates pulsavit semper, latices\r\nmatremque extremo si repulsa, et! Harena poena, quod superi eurus mortis\r\ncorniger, [meminisse ne](http://carpsere-in.org/) Aeeta ille procul aufert est.\r\n\r\n- Luget gerentem sagittis rescindere telum oculis et\r\n- Sola qui cum opto infelix munera\r\n- Adest quodcumque Phrygios prope ultoresque simul concipientibus\r\n- Euippe iam ter sagitta ibat sua nec\r\n- Graiumque coniunx\r\n\r\n## Et canoro pressum\r\n\r\nForet unda comis cessisse nobilitas monstro triumphis Pheneon Pelasgi comites,\r\nhaec ut leaena. Tollere successore aspiciunt Colchide. Hoc nomen at sub nunc et\r\nvidenda aranea amorem tristia crines pavere seductas. Quidem moneo humo\r\npectoribus, habet mons umbra ita! Dextra rector haut, multiplicique quale cum\r\n**cognatumque** curis.\r\n\r\n1. Dignas facto veterem coniugis manu telisque\r\n2. Latinum male\r\n3. Exigit praebebant mea possit esses alis\r\n4. Ardentibus in semina natura\r\n5. Tamen omnem aeternamque si meus\r\n\r\nDedi lumina manu ille auctam praebebant Cerealia plenoque, comitem hinc tamquam\r\nantrum esse dicta. Facta ad durum diu puppe enim reposco quantum, diu hanc\r\nCybeleia odore pectore patens tractum, sis *mihi*. Nequiquam ob tribus iuguli\r\nflammiferumque peregit subitus conlapsa turaque nuper **primis frustra pontus**\r\nunda. Fecit et Graium dixit videt gravida, propulsa *me* mentem robore infelix\r\ngenus recumbere facta! Portae est attulerat praedae, accepere sed [doce ulnis\r\net](http://concubitus-viam.io/conterminusfunesto) stantem vilibus hic vidit\r\nDiana comae inclite, sit.\r\n\r\n1. Iunctura mox auro formidine motu te Venus\r\n2. Maxima epops micantes contigerant metum vertuntur quaesita\r\n3. Flagrantis vulnere me quique iacere\r\n\r\nCervicibus tabuerant, vatum, est et pompa crescit, ut a! [Verus\r\nnon](http://www.edocuit.io/descendere) unam nefas iuguli valet inquit natae, est\r\nventis. Esset phaedimus ferar, placet at cuncta flammiferas vellera tum proximus\r\ncertam deprecor me portus regesta idque.",
    "description": "Ferat non caputque, si de sermonibus sequentes qualem supposita figura. Luce milite segeti subtraheret erat Tartara.",
    "category": 2,
    "author": 1,
    "status": 1
  }
}, {
  "model": "articles.article",
  "pk": 13,
  "fields": {
    "created": "2018-05-30T19:36:16.098Z",
    "modified": "2018-05-30T19:36:16.180Z",
    "title": "Licenses Overview",
    "slug": "licenses-overview",
    "content": "Lorem markdownum multa et velocius membrana, iracunda colla canum mille secuti,\r\nlupis spirarunt Pegason ardor, iunctis. Meis quem *tota* ille hoc gratulor non\r\noptas eram, et quicquid defensamus summa dixere **deflentem**: viderat arduus.\r\nSuo locum iniectis susurra fugitque litora; tuo non coeptaeque proles, ministro\r\nprincipium mentis: sceleratos. Inposuit cornibus conplectens [ad\r\nanhelo](http://www.sanguine-parens.net/) neu, iam valeant in.\r\n\r\n1. Insanis Berecyntius mitis rivos haec profuit quorum\r\n2. Tuae herbosa atros fractae\r\n3. Voce alimentaque trepido inquit vetat est fuit\r\n\r\nQua indicio ictus. Deas ore hac laevaque reddunt, et sinuosa malles transfert\r\nLaertius, Acheloiadumque.\r\n\r\n- Formas inque quotiensque cura gravitate fugit nubila\r\n- Illi lingua tendensque\r\n- Ac dea non Pandioniae digitis arbore et\r\n- Seductus ecce\r\n- Diversosque illa alimenta fecit\r\n- Salutifer sit quem et commissus fortuna copia\r\n\r\n## Illi vivitur velocior silvas primumque te meis\r\n\r\nSibi medioque accipit. Alta turba Herculis obruerat. Tecta aere venere omnes\r\nauditaque decorem, meo tibi, in! Est expellitur forma vacavit foliis, frontem\r\ntibi, quot fores curvata defendit est.\r\n\r\n> Murraeque splendidus Aonios foret tactusque aduncum munera [animae maritum\r\n> subsidit](http://sanguine-incedere.io/etcolchi) callem, tanta donaverit resto,\r\n> negat. Pedis tot fera plausu velit Iuno peregit gladios quoque ab. Si senex!\r\n> Utraque calidoque solebat metit Perseus timeo et Venus acceptus sensura\r\n> sanguine; et ipsa Lyciamque, Fando hospita ales frenisque.\r\n\r\nSilvis onusque cognoscendo vestri ortus *sic Tyrios in* ego amari Romulus\r\nvolucres perque conducit orbem. Et a seque fuisset, nequeam prima: caedit de\r\ntumulo meliora et famuli at fata. Infelix sidere viri siquis silvaque Thybridis\r\nut undas quo illis visa suo meo nigri Latonia fraxinus equi conlocat! Artifices\r\ndigna aequora ruinas, consederat Astreus sum loquendo sanguine, ac.\r\n\r\nSemimarem inquit pulsabant sentit pennas! Pendentem et ligno, alte quo facies\r\ninposuit altera incedit, litora, tamen, in. Qua porta perimet Myrrha populos\r\nPhoebus arcanis extulit, iuvenem tulit numerant, Parnasosque et dixit. Videtur\r\nsubito, velocibus supremos precibusque involvitur ignes carina, vix.",
    "description": "Lorem markdownum multa et velocius membrana, iracunda colla canum mille secuti.",
    "category": 2,
    "author": 1,
    "status": 1
  }
}, {
  "model": "articles.article",
  "pk": 14,
  "fields": {
    "created": "2018-05-30T20:36:01.128Z",
    "modified": "2018-05-30T20:36:56.916Z",
    "title": "How do I contact Customer Support?",
    "slug": "how-do-i-contact-customer-support",
    "content": "Lorem markdownum quartus, pro innectite vel, haerentes ferox responsaque saxa\r\nMaeonias fastus, tot suus obverterat lingua. Tristi offensasque fronte multi vel\r\ngaudet, accinctus et recedit profecisse, tempore ac. Nisi prendere: me quam in\r\nhaec, trepidum monebat tecti. Inventum in *freta inertem*, sed ut vertice tamen\r\nantro petit **sit vestras** aes.\r\n\r\n- Pectore Tempe\r\n- Gerit ulterius cumque vera praestet dabat infirmis\r\n- Non tibi succincta\r\n- Potes nisi Iuppiter agat vidit formam Niobe\r\n- Cum quotiens\r\n\r\n## Orbe avidos\r\n\r\nAmissam mihi ira et erat solita nomine. Nec sibi, summas, lateri, hoc puerum\r\nmarmore, et iugum ulcisci cornum posuit. Habebat flectique pectora saepe\r\nstrenuitas erat. In cum est patulosque et iungi Ionio, Theseos sedet.\r\n\r\nCulpae *mihi* corpora vadit ad revelli visaeque arboris. Nitentibus flava\r\ntemptat haerenti spatiis ait membra terrae fugant scopulos sed filis, qui deo\r\nvolucres ferarum. Facietque mediisque [arma sua\r\nstirpe](http://www.utque.net/erat) neque. Et Crotonis adita moderatior tumulo!\r\n\r\n## Resque ille\r\n\r\nDis me obstiterit, enim tam, tauri erat stratosque vosque vesti; in ille,\r\nTrachine curvatura putares, quoque. Enim moenia, egressus omen. Floribus a\r\nexercita natura die carerent, et veluti loqui verba patriosque recubare quae\r\nturis et certa in. [Deserti nec parte](http://www.virgosese.net/est) habebatur\r\nobstipui quoque est est cupidine condidit **nocere labefactaque** quamquam fuit\r\nmollit.\r\n\r\n1. Inde amantem spreto inpetus agitur quid habent\r\n2. Illic mihi datis dumque intellegit aut cornibus\r\n3. Taedasque perque enim sed ipse incessit admoneo\r\n4. O aether domino amantes Phoebi Antigonen trita\r\n5. Sit in coniunx hoste\r\n6. Pater onus\r\n\r\nMatrona et totis ut frondibus **nosti honore luna**, dum et *glaebaque*, incubat\r\nmalis. Matris docuisse invenit, et illa reliquit si undique lebetes o. Casam\r\nsospite Oeten deo vix [nunc das](http://www.rapit.com/matri). Gemuit membra\r\nvellera cacumen Nessoque est ille conditur urbis **hostem vocis** ipse maris\r\ndimittit, quod abluere aureus. Ut sit vulgusque **inque**: iam meas nati mala\r\nvultu.",
    "description": "Lorem markdownum quartus, pro innectite vel, haerentes ferox responsaque saxa\r\nMaeonias fastus.",
    "category": 1,
    "author": 1,
    "status": 1
  }
}, {
  "model": "articles.article",
  "pk": 15,
  "fields": {
    "created": "2018-05-30T20:37:05.490Z",
    "modified": "2018-05-30T20:37:05.606Z",
    "title": "How Do I create an account?",
    "slug": "how-do-i-create-account",
    "content": "Lorem markdownum adunco nec potentior moneo accessisse testatus ergo filius,\r\nextensus putaret. *Solo umbra*, dixit proelia quam significat est omnes. Ubi\r\ndura in pectore Phrygum umerique [grates digitique capillos](http://et.io/ac)\r\nvenit Quirino, tuis praemia redis lacerae discite occubuisse non!\r\n\r\n## Erat corpore nulla profundum\r\n\r\nGanymedis altae. Cornua namque! Uti aurata mare quas extrahit prohibentque\r\ncomitesque *verba*, matrem. Meo oetaeas insomni, facilesque super tellus.\r\nFeretrumque Philammon liquebat esset, fingi alios iura tum arcet; possunt.\r\n\r\n- Armis igne adsonat sua dique tela hoc\r\n- Natalis veniam quae urbes infantibus quisque prius\r\n- Vis fortissime parantem pugnes alimentaque minuuntur\r\n- Consule temptat\r\n- Ora radium ensem tamen hostem\r\n- Flumina mea hominum per aere ad cognovit\r\n\r\n## Cum formatur erat decerpsit iurare colligit tracti\r\n\r\nQuoque modo arma bisulco ducunt Gorgonei temeraria inludens, a parcite sedit\r\ncomitantiaque vires imagine occupat. Perimet nec canendo adest ita luteave\r\ninpositum recordor est verba.\r\n\r\n- Vibrabant hunc edocuit nulloque quodque\r\n- Nuda per celate extremas omnes\r\n- Est Tirynthia signum minimos quercus iuste\r\n- Nunc Iove\r\n- Inornatos furta illiusque suum ferens iram populus\r\n- Capillos oraque palluit diffusa laeva sic ventris\r\n\r\n## Tenebris intacta Atlantiades iuvencae noluit qui ossibus\r\n\r\nFuribunda huc deripit bona cum aratro mente? Pigeat premunt gaudete colla\r\nefficient patet sanguineam floresque Bacchi pater pugnat,\r\n[et](http://www.sub-terribili.io/fameque.php) iter nefas optaris ignis.\r\n\r\nCarinae auxilio ire trabibus strata positoque aliquis. Tibi patrium petit et de\r\nLaertes prostravit quamvis promptior fratres Symplegadas nutu quos corpore\r\nclamor, voluptas deos murmure? Ore ob spatiarer Noctis Peleus adfusaeque tuorum.",
    "description": "Lorem markdownum adunco nec potentior moneo accessisse testatus ergo filius.",
    "category": 1,
    "author": 1,
    "status": 1
  }
}, {
  "model": "articles.article",
  "pk": 16,
  "fields": {
    "created": "2018-05-30T20:38:18.297Z",
    "modified": "2018-05-30T20:38:49.690Z",
    "title": "Connect a social account",
    "slug": "connect-social-account",
    "content": "Lorem markdownum regina est nec pignora Turnus cristati addidit pater;\r\n*adiuvat*? Sed Circes mundi. Ait has oris nec quoque haustus Eueni sunt quia:\r\nversa praeponere conticuit mea erat cecidere duro excipit, sequerer. Tenuata\r\narma *inferius macies*. Tellus erat.\r\n\r\n## Patefecit tibi credite\r\n\r\nFluctus ipsa verum, gravitate haec cernentem. Unum noctis: huc bis ore visam\r\nhydrae, strictis cutem ait cruorem crura saevum iterumque dicitur. Festum mors,\r\nesse, gelidis. *Iovi infelix*?\r\n\r\n- Perdiderat herbas inobrutus hastilia\r\n- Crudelis certat tuis nam gente ipse scilicet\r\n- Et tempus lunaria nox\r\n- Iamque dominum nepos\r\n- Enim atque molitur fugam crudeles alumnae omnipotens\r\n- Iove an paventis inventa gaudia\r\n\r\n## Ipse ostendunt ab caput\r\n\r\nAnni marito de fama impetus ille cum miserum in collo sacra ultima toro cervix,\r\npater. Per aemula, lacertos suspenderat **ante** calcatis osse. Dat hic faciem\r\n[procul vertitur in](http://www.cum.io/ressed) quam. Vaga restituit illa.\r\n\r\nNati videre. Precor vides exsequitur ambrosiam enim, iam inventa sumite, petant\r\nvultus; postquam differtis tunc hosti Arcadiae. Sacrilegi tollere\r\n[cupressus](http://iurare.net/aut) placet ab canendo verba armis. Iuli puteisque\r\nutque, inter nec clipeo unus dum radice non varios carinae declivis Peneosque\r\nmaiusque pretium moveret ambobus genitor? Ille *chori* poplite unam vidit, cum\r\nnec Phlegethontide illis at plumis cupio, meri ortas, in.\r\n\r\n## Passu vulnere convicti roganti\r\n\r\nAliis in speculatur quos, Inachus, *sit* caput caput visa. Redditque facientia\r\nvestigia posuere fractarum ore; ordine nemorum omnis, ecce ambo utrumque moenia\r\nLampetide, urbes.\r\n\r\nVincitur vidit arborei? In absens mediae ad metuit insistere loquentem mensas\r\nsacrilegi edidit Forsitan, cerebrumque comes fugacibus\r\n[tibiaque](http://materno.org/secundi.aspx) oceano virorum fui. Femur ait.\r\nHumilem excepit visae signorum vitae in audes dispersa et Maera latravit.",
    "description": "Lorem markdownum regina est nec pignora Turnus cristati addidit pater.",
    "category": 1,
    "author": 1,
    "status": 1
  }
}, {
  "model": "articles.article",
  "pk": 17,
  "fields": {
    "created": "2018-05-30T20:40:45.214Z",
    "modified": "2018-05-30T20:40:45.307Z",
    "title": "Basic knowledge requirments",
    "slug": "basic-knowledge-requirments",
    "content": "Lorem markdownum credens tenebant iuvenes non omnis petendo; ait vel. Mare erat\r\ninvenio cum adunco mei miles conplecti Dictaei praeda traiecit dant dextera\r\nverbis. Quas Circaea fratribus blandita in, et iniqui vertex capitis fatemur\r\ndiffudit mitia: hoc iuventus susurro. Faceres sic verba vindice densus fessa\r\nvita sub, inpositum inquit torvis mei nunc postquam, ventis iam linguam timuere.\r\nLinguam oleaster postquam baculum populos et nisi propositos magorum.\r\n\r\n- Phoebus vento fetibus geminis quam\r\n- Facies auras ipsum me viscera poenae memorabile\r\n- Ipsi nobis in tyranni colla brevissimus fatali\r\n- Medi domui fera moenia\r\n\r\n## Repetens ferox vincula sagittas et innixus selige\r\n\r\nTenent duae auras quaeras addit Alcimedon, suis parentis quoque. Est carnes\r\n**soporem**, qua mons *stirpis* Iovis; temporis silva, ego cruor, monstri\r\npositaeque sunt tingui: gladios.\r\n\r\n1. Orithyia nomen quorum induiturque caede protinus postquam\r\n2. Contractus litus inseritur vires in Centauros temptat\r\n3. Canam auribus carmina tamen fragilesque festis\r\n4. Non cecidisse inseris dictis tum exuit moritura\r\n5. Melanthus movit\r\n\r\n## Cibique numquam comitum ut cursu positoque amor\r\n\r\nHonore senior et eosdem voces muneris conpendia Cerberon vobis; tenus ceu.\r\nExitium putat, **orba vidit** honorant persequar sparsus, **te**. **Pro\r\neuhoeque**, mensum domus *obsidis aggere vocato* amplexus semper. Discrimina\r\nCupido agmina, defensatque cesserat passu quas et auctor.\r\n\r\n- Fraxinus tardata fallax\r\n- Obscurus et casus dixerat arcanaque adde rapior\r\n- Enim tuo hic tridente visceraque tertia tenuissimus\r\n- Arcu pharetram inter\r\n\r\nViridi illa saepe decidit fixit alios, sic nec digiti iussae reliquit: sitim\r\nnumen frondes? Has seu puduit, servat et praemia possim figit etiam, victor peto\r\n[defendite se bis](http://detque-libidinis.io/tenent) Proserpina\r\n[vocis](http://orpheusvulnus.net/corporibus): portus. Vocatos ortum,\r\n**ignotosque** quondam Phrygios data, quas vulnus.",
    "description": "",
    "category": 6,
    "author": 1,
    "status": 1
  }
}, {
  "model": "articles.article",
  "pk": 18,
  "fields": {
    "created": "2018-05-30T20:41:41.025Z",
    "modified": "2018-05-30T20:41:41.117Z",
    "title": "How to use the documentation?",
    "slug": "how-use-documentation",
    "content": "Lorem markdownum parvaque idem sub fumantia quaque et apertas nostroque. Nescio\r\nquam ora hic quid collaque opus longius nemus quae silentia, simul silvas decus\r\nin. Iuppiter fores nec concava quae non inde nec?\r\n\r\n## Flagrantem partim verso auget antrum metitur perspicit\r\n\r\nTrahendo pedem fila caeruleusque cornibus ego pectora labore. Festumque quas non\r\nquo et suis fugam et quas.\r\n\r\n1. Pervigil caede decipienda fuit haberet et et\r\n2. Victa ore Acrisio celeri latus ignes\r\n3. Sic monstri ultima picto nutu saepius barba\r\n\r\n## Orbi Alcyonen me monstri nisi haec quaeritis\r\n\r\nTepido pugnat **saepe inmunibus corpore** molle tenebras testudine angulus.\r\nAmanti vae, Acarnanum illa, *idem tabe* honore! **Taedae potum** curru ipsis\r\nceditis animisque quodcumque quota si matris in. Ista numina decolor linguam\r\ncaduca dicta tua loquendi falsam novem nato erat. Dixisti illis virgo, mare\r\ndesit tamen, amnis.\r\n\r\nNymphas non teque simulat ipse cadunt, in aquis. Pellite decorem et Cycnum\r\nfecerat **festinant dixit columbae** sedens Hippomenes autumnos amore tandem\r\nformatus mihi iustius gravidae. Trepidare [roganda\r\nipsa](http://www.subundaque.net/); per visae Parcite acrior tuae! Vestra corpora\r\ncelasset auspiciis posse magistra temporis sanguis: stupet Hectora tempora ibat\r\n**arbore meruit** sublimis Athin; in. Ferumque ripas cum nobiliumque enim comae\r\niactura conspecta florilegae rostrum Daedalion.\r\n\r\n## Tamen famuli\r\n\r\nDedisse se sit est quibus corde opem auctor pluma reprensa Tyndaridae corpus.\r\nCervicibus ora. Et invito fortibus raptore vestes dicta exercetque mortuaque.\r\nAevo locuta [recessit mutantur](http://caecoquod.org/nec), tellus **Tectaphon\r\npararet**; ignorans fontibus; radiis patria parente est ab.\r\n\r\nNescia Leucothoe corpore! Barba et hastam At vos; oro et, vincere veri.",
    "description": "Lorem markdownum parvaque idem sub fumantia quaque et apertas nostroque.",
    "category": 6,
    "author": 1,
    "status": 1
  }
}, {
  "model": "articles.article",
  "pk": 19,
  "fields": {
    "created": "2018-05-30T20:43:01.155Z",
    "modified": "2018-05-30T20:43:01.254Z",
    "title": "How do I make a payment?",
    "slug": "how-do-i-make-payment",
    "content": "Lorem markdownum caelo. Glandes domum ubi acceptum curam damnare poposcerat\r\ndesint geminae spondere tamen procul tempora mihi ait!\r\n\r\nTamquam umeris aevo pastor protinus hostem vulnera Liber aureus viri sed.\r\nTransit de tenues **ea caelo**: qui ab ululatibus sumus.\r\n\r\n## Matrona altus poscebatur fluctus late facit coeunt\r\n\r\nDissimiles latuit, quam *lactis maerentes annos* sollicitat, altae anhelo, est.\r\nUmerique columbis scopulus, qua genis pollice manibus inlaesos: quo. Curis\r\npennis, est talia fluit tam pallentia, tota, vim trahuntur nemus, aristas\r\ninflati. Bracchia haec faces acervos quoque.\r\n\r\n## Mixtus crus feroces nos ut flos duorum\r\n\r\nCephisius letifera, Phrygiae Ammon, in te et ritibus **gurgite fugitque media**\r\nvix manu nondum certum. Dextrae duro *Argolis* potentia *ad altera Arcades*\r\ncadunt ad tamen auxiliaris. Vagas ne iuveni e geminos viroque cruentae semper\r\nmanuum.\r\n\r\n> Sibi micat in caeleste dictis, fero iussa quique laudando aliquem. Et seges\r\n> Caesar; Herse, census utroque, est in trepidante populique iam. Casta lenta\r\n> Pharsalia iniquo.\r\n\r\n## Ense rerum\r\n\r\nFeros plantis viderat [equarum](http://agenore-haesit.io/certainterius.aspx)\r\ncomitante ferox, inquit nodus sua, per. Suis et variasque artibus. Petita\r\nAusonio esse formosior miserabile arcana, et et fida futuri aptabat.\r\n\r\n1. Et sanguine recessit\r\n2. Iove comes meus velut praevitiat potest et\r\n3. Micantes sunt quoque ales caelum\r\n4. Stratis simul\r\n\r\nAdunco degeneras mille prohibent vocatur est, tu qui Cyane male quod:\r\n[habent](http://casus.io/ire). Extremum ruris.",
    "description": "Glandes domum ubi acceptum curam damnare poposcerat desint geminae spondere tamen procul tempora mihi ait.",
    "category": 5,
    "author": 1,
    "status": 1
  }
}, {
  "model": "articles.article",
  "pk": 20,
  "fields": {
    "created": "2018-05-30T20:43:38.841Z",
    "modified": "2018-05-30T20:43:38.936Z",
    "title": "Can I make a payment using a credit card?",
    "slug": "can-i-make-payment-using-credit-card",
    "content": "Lorem markdownum Iovis fines supplice Cycladas geminasque oblectamina civilibus\r\nsolitumque. Fatentem aura trunca; mente exclamat: nimbos in et. Quem pudorem\r\nsuccedere; auro neque, ubi comas: augendo certe. Amnis quis rigidoque Canentis,\r\nsonum. Fugis ramis Cerastae virgo caespite tigridis, Threicio vires\r\nblanditiasque Minervae, menso amicitur cernit [hos\r\nneve](http://quod.com/nectarefrustra)!\r\n\r\nHuc arsit tantaque visa, [non\r\nfata](http://www.quaesita.com/lucinamacceptaque.aspx) tepidique ianua reparabat\r\nquam consurgere umeros. Nimis flumine: est [loci fit lora](http://www.si.io/)\r\ntelum, [fratribus meditata](http://quondam-naiadum.org/sacramundus.html) per\r\nmarito!\r\n\r\n## Uva via ite moriens\r\n\r\nRevertitur habent nocte praestantes vultus fama: dant mensura! Portus et te\r\nsustinuit trahunt. Orithyiae accede thalamoque vidit et trepident nactus! Crine\r\nposset *diluvio ponit*, dea, loqui, os, dixit non. Declinat regione ab circuiere\r\nnec cognovit verba colla postquam cuspide.\r\n\r\nSinuantur donec ignes, manebunt o curae pudibundaque omnes melior? Achillis quae\r\nCromyona iacuit quantumque prospicit Huic tum exhausto torquere, in ignem est\r\ncultoribus.\r\n\r\nNomenque **suae minus**, sunt, vasti certa oscula tuorum, eandem. Innixus nec\r\namores perpetuum. Ut omnia, oculos [resolvent](http://minus.net/in) tincta\r\nevocet Nelei [alimenta arborea](http://estquinque.net/arbor), in et sinuavi.\r\n\r\n## Toto inproba\r\n\r\nIn deus labor muneris sanguine iuvenes populos, ultima recusat, eam poterit\r\nvidere Anaxaretes mole miratur ultima Lapitharum! Pariter at reverti Orithyia\r\nquod quantum, ire super frondes? Non flamine Hesperio, tu nymphas! Et illum\r\npraeconsumere Aside refugerat salignis virides poscenti.\r\n\r\n- Flores non quorum traderet mugitibus ut aetas\r\n- Loca potuisse iamdudum\r\n- Sic nil simul non\r\n\r\nIn mando vulnere Nesse media removere illa sanguinis pelagi aetas. Lucifer\r\nsermone, sua obortis, est hinc lumen caedis tecti luctusque autem et adspicias,\r\ntibi procul; nec. Voluisti vaccae tumidam floresque putria sui quoque saepe,\r\nquos *ubi* vident atque fac.\r\n\r\nLocoque digna nec a [in facundia](http://in.net/) simul *sanguine* hunc. Et\r\ntangit et et quam nec omnia: tellure orbes. Circumvolat maior Daphnidis gravidus\r\nveniebat et Capreas vellemque quam, *nudo ponit cumque*, iussorum unius, *abit\r\nIovem*.",
    "description": "Lorem markdownum Iovis fines supplice Cycladas geminasque oblectamina civilibus.",
    "category": 5,
    "author": 1,
    "status": 1
  }
}, {
  "model": "articles.article",
  "pk": 21,
  "fields": {
    "created": "2018-05-30T20:45:42.758Z",
    "modified": "2018-05-30T20:45:42.956Z",
    "title": "Known issues and bugs",
    "slug": "known-issues-and-bugs",
    "content": "Lorem markdownum diva erectus. Quisque revocabile, non quo lignea sed, coniugium\r\ndubiis, **frugum** Aeneas umore aberant, senectae nomen.\r\n\r\n- Sacros quae catenis\r\n- Flens tela spectasse primum lacrimisque quid\r\n- Manus umbram\r\n\r\nRepugnat quicquam monitis, calet erit fornace terra ultima Tirynthius tethys,\r\nrecuset tamen, revertitur genitor. Glomerari rostris, tristique luctus rigore\r\nfames; sub est licet Oeclides. Pulvere nostro calculus suadent, amomi ponderibus\r\nlongo parte soror. Litora seu, vestro platanus caput\r\n[terras](http://iugo-milite.com/antein), purpureusque ulterius; iuvencae\r\ntemerarius prohibes pontus: infamis.\r\n\r\n> Nemus ille cognati parte: eadem, lacrimis coronis Athamanta. Venenis umoris.\r\n> Vestigia lumina nascique, cui [vis](http://corpora-quis.com/praebetque.php)\r\n> agro nec manuque **quid**. Impleverat de quo draconum medio: et ea putares\r\n> patens in anum utque tenere subducere Procnen que volat. Reliquit sufficit\r\n> iuncique domus refugit aditus sorbere: trepidi orta, Maeandros optas uvae\r\n> senex iam mutatur putaret virga?\r\n\r\n## Ante amara tingui et nam ibat quamvis\r\n\r\nPuellam eadem cruore domum, alumno ante iam easdem pontusque neque peractum\r\nadfuit et, ego admissum. Exire *sua aevum nec* questa Medea. Adamante multoque\r\nferro oranti meritis Proteaque insonuit, patulas vocum\r\n[subversaque](http://vindex.org/sequitur.php) Midan tantumque comitum et Latous\r\ngerebat [que](http://carmen-mavortis.org/). Pius quam superum Aethiopum magnis:\r\nfodit sua nec et.\r\n\r\n1. Tali per nolle\r\n2. Pontus Talia solent sati cecidisse non\r\n3. Coetu habuit multaque dicturus plurima\r\n4. Glaciali ebur\r\n5. Sub dis verbis nidis fortunata fortuna pande\r\n\r\nPylonque metu libro captare, nam non illa evolat, nomen. Arma nactus, cum rupit\r\nquod Peleus, via et. Pendet salutant precatur interius inserui Lernaeae gratia\r\n[in](http://www.geminatisserpens.io/temporequod.aspx) Camenae onere minacia\r\n**unguis**, quae tanto Oechalidum audete. [Virgo](http://effuge.org/) flumineis\r\nparcite succedit reducit ratem, vindicet lacertis a quoque pocula Proreus.\r\n\r\nMinimam foedus exiguo adpositi ferrum relinquunt belli non cursu mortis tu toto\r\nlaudant priora undis flere repandus, trepidaeque. Sum sidera, credis apri dum\r\nnatam fodiebant centum virorum ipse virtuti lacus.\r\n\r\nDeus crebri haec, vel longo amorem laetis morte, tamen illud, in anno paveant\r\ntrahar est hunc? Et quoque et manibus nulla concolor gradientis erat ego asper,\r\nrefert. Minyae an tota huc domusque flumina intellecta, etsi saepe, a utroque\r\nlongi. Romethiumque iactanti, fallax Trachinius post.",
    "description": "Lorem markdownum diva erectus. Quisque revocabile, non quo lignea sed.",
    "category": 4,
    "author": 1,
    "status": 1
  }
}, {
  "model": "articles.article",
  "pk": 22,
  "fields": {
    "created": "2018-05-30T20:46:23.961Z",
    "modified": "2018-05-30T20:46:24.065Z",
    "title": "Support ID",
    "slug": "support-id",
    "content": "Lorem **markdownum habitabile aliud**: infelix ubi aquilonibus media nutantem.\r\nArcus praecipitata, monet Livor; ab ipsis sublime armenta sorores frequentant\r\nremos, in meae deseret. Tempus scelerata admoto; dare Mota sorores quod?\r\n\r\n1. Erigor est crimine Astyanax suos\r\n2. Me ignibus honore Athamanta aevi\r\n3. Rege tamen fuit sanguine undae potuit\r\n4. Erebi non est instruis letiferam\r\n\r\n## De citius tigno mota adpellavere tamen\r\n\r\nCutem summas vincirem esse, rerumque medios nec suis nec et Scirone. Tibi munera\r\nsilvamque mortalibus aures supersint Cereris admissum ego bracchia pars Minyeia\r\nelige quercus, deae.\r\n\r\n## In pariter circumdare diemque Aegeus Prospicientis umentes\r\n\r\nIlla pariter iaculum, Iovi ardet truncis, alto dolis nam si Danais? Etiam his\r\nnobis Pylonque nullo consumpta maris non iunctoque vellem. More proque laqueis?\r\nDixit sine vix longum, Phlegon ut erit primus contra grave viros fateor gemitu\r\nAchille circumvolat possit! Munera et [multi\r\npennatis](http://www.est.net/huic.html) spargimur pallidaque Nelei, ne non.\r\n\r\n- Secreta mole sacra\r\n- Tu comites excutis\r\n- Territus plaudat\r\n\r\n## Revulsum secum caelarat ipsum tributum\r\n\r\n*Submisit* prisca dextro venienti cognovi iunctis, vir *inhibente et potius*\r\nfretum capillis; ait. Quo celerem. Nec ille\r\n[sub](http://comitemquenunc.com/mutataergo) nec nuper ad foedera diu quam, est\r\nnec audaci. Morte herba rutilos, de si es, fuit transit insonat et, meis in iugo\r\ninquirit totus. Media oras et tectas grandior ad tellure novavit in et portasque\r\nadloquitur ergo sacrilegos habet ramos; locus.\r\n\r\n1. Cava alis raucum\r\n2. Saepe carituraque\r\n3. Vento mihi\r\n4. Tamen et ubi languore\r\n5. Foliisque curvataque habuit dicens elidite doloris gurgite\r\n\r\nVides bibendo, iurgia depulerat temptare, vicit bibit vox hinc mea. Lustrabere\r\nvirginis patria, mentis filia verumtamen motura duorum summoque. Iunonem cornua\r\ninanis.",
    "description": "Arcus praecipitata, monet Livor; ab ipsis sublime armenta sorores frequentant remos.",
    "category": 4,
    "author": 1,
    "status": 1
  }
}, {
  "model": "hitcount.hit",
  "pk": 1,
  "fields": {
    "created": "2018-03-19T23:44:41.104Z",
    "ip": "127.0.0.1",
    "session": "tvt83xa5aenjcf2qp5cuykyllu8lr0z7",
    "user_agent": "Mozilla/5.0 (Macintosh; Intel Mac OS X 10_13_1) AppleWebKit/537.36 (KHTML, like Gecko) Chrome/65.0.3325.162 Safari/537.36",
    "user": 1,
    "hitcount": 1
  }
}, {
  "model": "hitcount.hit",
  "pk": 2,
  "fields": {
    "created": "2018-03-20T18:46:11.235Z",
    "ip": "127.0.0.1",
    "session": "b5k3h1y4ldhbahxkgto4xc9bfsbcurqp",
    "user_agent": "Mozilla/5.0 (Macintosh; Intel Mac OS X 10_13_1) AppleWebKit/537.36 (KHTML, like Gecko) Chrome/65.0.3325.162 Safari/537.36",
    "user": null,
    "hitcount": 1
  }
}, {
  "model": "hitcount.hit",
  "pk": 3,
  "fields": {
    "created": "2018-05-30T18:21:11.115Z",
    "ip": "127.0.0.1",
    "session": "zkkdukw6vvvmg7t0yym1atll8wfbgbjk",
    "user_agent": "Mozilla/5.0 (Macintosh; Intel Mac OS X 10_13_1) AppleWebKit/537.36 (KHTML, like Gecko) Chrome/66.0.3359.181 Safari/537.36",
    "user": 1,
    "hitcount": 3
  }
}, {
  "model": "hitcount.hit",
  "pk": 4,
  "fields": {
    "created": "2018-05-30T18:21:58.389Z",
    "ip": "127.0.0.1",
    "session": "zkkdukw6vvvmg7t0yym1atll8wfbgbjk",
    "user_agent": "Mozilla/5.0 (Macintosh; Intel Mac OS X 10_13_1) AppleWebKit/537.36 (KHTML, like Gecko) Chrome/66.0.3359.181 Safari/537.36",
    "user": 1,
    "hitcount": 4
  }
}, {
  "model": "hitcount.hit",
  "pk": 5,
  "fields": {
    "created": "2018-05-30T18:23:29.606Z",
    "ip": "127.0.0.1",
    "session": "zkkdukw6vvvmg7t0yym1atll8wfbgbjk",
    "user_agent": "Mozilla/5.0 (Macintosh; Intel Mac OS X 10_13_1) AppleWebKit/537.36 (KHTML, like Gecko) Chrome/66.0.3359.181 Safari/537.36",
    "user": 1,
    "hitcount": 5
  }
}, {
  "model": "hitcount.hit",
  "pk": 6,
  "fields": {
    "created": "2018-05-30T18:23:54.785Z",
    "ip": "127.0.0.1",
    "session": "zkkdukw6vvvmg7t0yym1atll8wfbgbjk",
    "user_agent": "Mozilla/5.0 (Macintosh; Intel Mac OS X 10_13_1) AppleWebKit/537.36 (KHTML, like Gecko) Chrome/66.0.3359.181 Safari/537.36",
    "user": 1,
    "hitcount": 6
  }
}, {
  "model": "hitcount.hit",
  "pk": 7,
  "fields": {
    "created": "2018-05-30T18:24:33.030Z",
    "ip": "127.0.0.1",
    "session": "zkkdukw6vvvmg7t0yym1atll8wfbgbjk",
    "user_agent": "Mozilla/5.0 (Macintosh; Intel Mac OS X 10_13_1) AppleWebKit/537.36 (KHTML, like Gecko) Chrome/66.0.3359.181 Safari/537.36",
    "user": 1,
    "hitcount": 7
  }
}, {
  "model": "hitcount.hit",
  "pk": 8,
  "fields": {
    "created": "2018-05-30T18:25:20.569Z",
    "ip": "127.0.0.1",
    "session": "zkkdukw6vvvmg7t0yym1atll8wfbgbjk",
    "user_agent": "Mozilla/5.0 (Macintosh; Intel Mac OS X 10_13_1) AppleWebKit/537.36 (KHTML, like Gecko) Chrome/66.0.3359.181 Safari/537.36",
    "user": 1,
    "hitcount": 8
  }
}, {
  "model": "hitcount.hit",
  "pk": 9,
  "fields": {
    "created": "2018-05-30T18:25:32.591Z",
    "ip": "127.0.0.1",
    "session": "zkkdukw6vvvmg7t0yym1atll8wfbgbjk",
    "user_agent": "Mozilla/5.0 (Macintosh; Intel Mac OS X 10_13_1) AppleWebKit/537.36 (KHTML, like Gecko) Chrome/66.0.3359.181 Safari/537.36",
    "user": 1,
    "hitcount": 9
  }
}, {
  "model": "account.emailaddress",
  "pk": 1,
  "fields": {
    "user": 1,
    "email": "admin@example.com",
    "verified": true,
    "primary": true
  }
}]
